cx,cy,cz,cyaw,cpitch,croll
0.9337,0.0,0.9,0.0,1.57,0.0
0.9358496538265848,0.002913940727227025,0.9021265230961727,0.0,1.57,0.0
0.9379993076531697,0.00582788145445405,0.9042530461923454,0.0,1.57,0.0
0.9401489614797546,0.008741822181681074,0.906379569288518,0.0,1.57,0.0
0.9422986153063394,0.0116557629089081,0.9085060923846907,0.0,1.57,0.0
0.9444482691329243,0.014569703636135124,0.9106326154808634,0.0,1.57,0.0
0.9465979229595092,0.01748364436336215,0.912759138577036,0.0,1.57,0.0
0.948747576786094,0.020397585090589174,0.9148856616732087,0.0,1.57,0.0
0.950897230612679,0.0233115258178162,0.9170121847693814,0.0,1.57,0.0
0.9530468844392638,0.026225466545043225,0.9191387078655541,0.0,1.57,0.0
0.9551965382658486,0.029139407272270247,0.9212652309617267,0.0,1.57,0.0
0.9573461920924335,0.03205334799949727,0.9233917540578994,0.0,1.57,0.0
0.9594958459190184,0.0349672887267243,0.9255182771540721,0.0,1.57,0.0
0.9616454997456032,0.03788122945395132,0.9276448002502448,0.0,1.57,0.0
0.9637951535721881,0.04079517018117835,0.9297713233464173,0.0,1.57,0.0
0.965944807398773,0.043709110908405374,0.93189784644259,0.0,1.57,0.0
0.9680944612253578,0.0466230516356324,0.9340243695387627,0.0,1.57,0.0
0.9702441150519427,0.04953699236285942,0.9361508926349353,0.0,1.57,0.0
0.9723937688785276,0.05245093309008645,0.938277415731108,0.0,1.57,0.0
0.9745434227051124,0.055364873817313476,0.9404039388272807,0.0,1.57,0.0
0.9766930765316973,0.058278814544540494,0.9425304619234534,0.0,1.57,0.0
0.9788427303582822,0.06119275527176752,0.944656985019626,0.0,1.57,0.0
0.980992384184867,0.06410669599899455,0.9467835081157987,0.0,1.57,0.0
0.983142038011452,0.06702063672622158,0.9489100312119714,0.0,1.57,0.0
0.9852916918380368,0.0699345774534486,0.951036554308144,0.0,1.57,0.0
0.9874413456646216,0.07284851818067561,0.9531630774043167,0.0,1.57,0.0
0.9895909994912065,0.07576245890790265,0.9552896005004894,0.0,1.57,0.0
0.9917406533177914,0.07867639963512968,0.9574161235966621,0.0,1.57,0.0
0.9946434852225908,0.08099928413974519,0.9595426466928347,0.0,1.57,0.0
0.9975463171273904,0.08332216864436069,0.9616691697890074,0.0,1.57,0.0
1.0004491490321898,0.08564505314897622,0.9635647941749534,0.0,1.57,0.0
1.0033519809369893,0.08796793765359173,0.9653174812640926,0.0,1.57,0.0
1.0062548128417887,0.09029082215820725,0.9670701683532317,0.0,1.57,0.0
1.0091576447465882,0.09261370666282275,0.9688228554423708,0.0,1.57,0.0
1.0120604766513879,0.09493659116743826,0.9705755425315099,0.0,1.57,0.0
1.0149633085561873,0.09725947567205379,0.9723282296206489,0.0,1.57,0.0
1.0178661404609868,0.0995823601766693,0.974080916709788,0.0,1.57,0.0
1.0207689723657862,0.10190524468128481,0.9758336037989271,0.0,1.57,0.0
1.0236718042705857,0.10422812918590033,0.9775862908880663,0.0,1.57,0.0
1.0265746361753854,0.10655101369051584,0.9793389779772054,0.0,1.57,0.0
1.0294774680801848,0.10887389819513135,0.9810916650663445,0.0,1.57,0.0
1.0323802999849843,0.11119678269974687,0.9828443521554836,0.0,1.57,0.0
1.0352831318897837,0.11351966720436237,0.9845970392446226,0.0,1.57,0.0
1.0381859637945832,0.11584255170897789,0.9863497263337617,0.0,1.57,0.0
1.0410887956993826,0.1181654362135934,0.9881024134229008,0.0,1.57,0.0
1.043991627604182,0.12048832071820892,0.98985510051204,0.0,1.57,0.0
1.0468944595089817,0.12281120522282443,0.9916077876011791,0.0,1.57,0.0
1.0497972914137812,0.12513408972743995,0.9933604746903182,0.0,1.57,0.0
1.0527001233185806,0.12745697423205546,0.9951131617794573,0.0,1.57,0.0
1.05560295522338,0.12977985873667097,0.9968658488685964,0.0,1.57,0.0
1.0585057871281796,0.13210274324128646,0.9986185359577354,0.0,1.57,0.0
1.0614086190329792,0.134425627745902,1.0003712230468746,0.0,1.57,0.0
1.0643114509377787,0.1367485122505175,1.0021239101360138,0.0,1.57,0.0
1.0672142828425781,0.13907139675513303,1.0038765972251529,0.0,1.57,0.0
1.0701171147473776,0.14139428125974854,1.005629284314292,0.0,1.57,0.0
1.0724897262903668,0.14426457202037185,1.0073819714034309,0.0,1.57,0.0
1.074862337833356,0.14713486278099513,1.00913465849257,0.0,1.57,0.0
1.0772349493763451,0.15000515354161845,1.0108873455817091,0.0,1.57,0.0
1.0796075609193343,0.15287544430224173,1.0126400326708482,0.0,1.57,0.0
1.0819801724623235,0.15574573506286504,1.014285170101988,0.0,1.57,0.0
1.0843527840053127,0.15861602582348835,1.0155807711446294,0.0,1.57,0.0
1.0867253955483018,0.16148631658411164,1.016876372187271,0.0,1.57,0.0
1.089098007091291,0.16435660734473498,1.0181719732299124,0.0,1.57,0.0
1.0914706186342802,0.16722689810535823,1.0194675742725539,0.0,1.57,0.0
1.0938432301772694,0.17009718886598157,1.0207631753151953,0.0,1.57,0.0
1.0962158417202585,0.1729674796266049,1.0220587763578366,0.0,1.57,0.0
1.0985884532632477,0.17583777038722817,1.023354377400478,0.0,1.57,0.0
1.100961064806237,0.17870806114785148,1.0246499784431196,0.0,1.57,0.0
1.103333676349226,0.18157835190847477,1.025945579485761,0.0,1.57,0.0
1.1057062878922155,0.18444864266909808,1.0272411805284025,0.0,1.57,0.0
1.1080788994352047,0.1873189334297214,1.028536781571044,0.0,1.57,0.0
1.1104515109781938,0.19018922419034467,1.0298323826136855,0.0,1.57,0.0
1.112824122521183,0.193059514950968,1.031127983656327,0.0,1.57,0.0
1.1151967340641722,0.1959298057115913,1.0324235846989684,0.0,1.57,0.0
1.1175693456071614,0.19880009647221458,1.03371918574161,0.0,1.57,0.0
1.1199419571501505,0.20167038723283792,1.0350147867842512,0.0,1.57,0.0
1.1223145686931397,0.20454067799346123,1.0363103878268927,0.0,1.57,0.0
1.124687180236129,0.2074109687540845,1.0376059888695341,0.0,1.57,0.0
1.127059791779118,0.21028125951470783,1.0389015899121756,0.0,1.57,0.0
1.1294324033221073,0.21315155027533111,1.040197190954817,0.0,1.57,0.0
1.1318050148650964,0.21602184103595443,1.0414927919974586,0.0,1.57,0.0
1.1341776264080856,0.21889213179657774,1.0427883930401,0.0,1.57,0.0
1.1365239385169943,0.22174421975137656,1.0440839940827416,0.0,1.57,0.0
1.138870250625903,0.22459630770617542,1.045379595125383,0.0,1.57,0.0
1.1412165627348119,0.22744839566097422,1.0466751961680245,0.0,1.57,0.0
1.1435628748437205,0.23030048361577307,1.0479707972106658,0.0,1.57,0.0
1.1459091869526292,0.23315257157057193,1.0492663982533073,0.0,1.57,0.0
1.148255499061538,0.23600465952537075,1.0505619992959487,0.0,1.57,0.0
1.1506018111704468,0.2388567474801696,1.0518576003385902,0.0,1.57,0.0
1.1529481232793555,0.24170883543496846,1.053734941760419,0.0,1.57,0.0
1.1552944353882642,0.24456092338976726,1.0557125832476248,0.0,1.57,0.0
1.157640747497173,0.24741301134456611,1.0576902247348308,0.0,1.57,0.0
1.1599870596060817,0.25026509929936497,1.0596678662220367,0.0,1.57,0.0
1.1623333717149904,0.25311718725416377,1.0616455077092426,0.0,1.57,0.0
1.164679683823899,0.2559692752089626,1.0636231491964485,0.0,1.57,0.0
1.167025995932808,0.2588213631637615,1.0656007906836544,0.0,1.57,0.0
1.1693723080417167,0.26167345111856033,1.0675784321708603,0.0,1.57,0.0
1.1717186201506253,0.2645255390733592,1.0695560736580663,0.0,1.57,0.0
1.174064932259534,0.267377627028158,1.071533715145272,0.0,1.57,0.0
1.176411244368443,0.27022971498295684,1.0735113566324779,0.0,1.57,0.0
1.1787575564773516,0.27308180293775564,1.0754889981196838,0.0,1.57,0.0
1.1811038685862603,0.2759338908925545,1.0774666396068897,0.0,1.57,0.0
1.183450180695169,0.27878597884735334,1.0794442810940956,0.0,1.57,0.0
1.1857964928040778,0.2816380668021522,1.0814219225813015,0.0,1.57,0.0
1.1881428049129865,0.28449015475695105,1.0833995640685075,0.0,1.57,0.0
1.1904891170218952,0.2873422427117499,1.0853772055557134,0.0,1.57,0.0
1.1928354291308039,0.2901943306665487,1.0873548470429193,0.0,1.57,0.0
1.1951817412397128,0.29304641862134756,1.0893324885301252,0.0,1.57,0.0
1.1975280533486214,0.2958985065761464,1.0913101300173311,0.0,1.57,0.0
1.199161040135971,0.2992294119773984,1.0932877715045368,0.0,1.57,0.0
1.2007940269233204,0.30256031737865036,1.0952654129917427,0.0,1.57,0.0
1.2024270137106698,0.3058912227799023,1.0972430544789487,0.0,1.57,0.0
1.2040600004980193,0.3092221281811543,1.0992206959661546,0.0,1.57,0.0
1.205692987285369,0.3125530335824063,1.1011983374533605,0.0,1.57,0.0
1.2073259740727185,0.3158839389836583,1.1031759789405664,0.0,1.57,0.0
1.208958960860068,0.31921484438491027,1.1051536204277723,0.0,1.57,0.0
1.2105919476474174,0.32254574978616224,1.1071312619149782,0.0,1.57,0.0
1.2122249344347669,0.3258766551874142,1.1091089034021842,0.0,1.57,0.0
1.2138579212221163,0.32920756058866624,1.110654860016215,0.0,1.57,0.0
1.2154909080094658,0.3325384659899182,1.1117151711479238,0.0,1.57,0.0
1.2171238947968153,0.3358693713911702,1.112775482279633,0.0,1.57,0.0
1.2187568815841647,0.3392002767924222,1.1138357934113419,0.0,1.57,0.0
1.2203898683715142,0.3425311821936742,1.1148961045430508,0.0,1.57,0.0
1.2220228551588639,0.34586208759492615,1.1159564156747597,0.0,1.57,0.0
1.2236558419462134,0.3491929929961781,1.1170167268064688,0.0,1.57,0.0
1.2252888287335628,0.35252389839743015,1.1180770379381777,0.0,1.57,0.0
1.2269218155209123,0.35585480379868206,1.1191373490698866,0.0,1.57,0.0
1.2285548023082618,0.3591857091999341,1.1201976602015955,0.0,1.57,0.0
1.2301877890956112,0.36251661460118606,1.1212579713333046,0.0,1.57,0.0
1.2318207758829607,0.36584752000243803,1.1223182824650135,0.0,1.57,0.0
1.2334537626703101,0.36917842540369006,1.1233785935967224,0.0,1.57,0.0
1.2350867494576596,0.372509330804942,1.1244389047284313,0.0,1.57,0.0
1.2367197362450093,0.375840236206194,1.1254992158601405,0.0,1.57,0.0
1.2383527230323588,0.37917114160744597,1.1265595269918494,0.0,1.57,0.0
1.2399857098197082,0.38250204700869794,1.1276198381235583,0.0,1.57,0.0
1.2416186966070577,0.38583295240994997,1.1286801492552674,0.0,1.57,0.0
1.2439888541448791,0.3886301008867679,1.1297404603869763,0.0,1.57,0.0
1.2463590116827008,0.39142724936358597,1.1308007715186852,0.0,1.57,0.0
1.2487291692205222,0.39422439784040403,1.131861082650394,0.0,1.57,0.0
1.251099326758344,0.3970215463172221,1.1329213937821032,0.0,1.57,0.0
1.2534694842961656,0.39981869479404014,1.1339817049138121,0.0,1.57,0.0
1.255839641833987,0.4026158432708582,1.135042016045521,0.0,1.57,0.0
1.2582097993718084,0.40541299174767614,1.13610232717723,0.0,1.57,0.0
1.26057995690963,0.4082101402244942,1.137162638308939,0.0,1.57,0.0
1.2629501144474518,0.4110072887013122,1.138222949440648,0.0,1.57,0.0
1.2653202719852732,0.41380443717813026,1.1392832605723568,0.0,1.57,0.0
1.2676904295230949,0.4166015856549483,1.140343571704066,0.0,1.57,0.0
1.2700605870609163,0.4193987341317663,1.1413030654511866,0.0,1.57,0.0
1.272430744598738,0.4221958826085843,1.141220779557564,0.0,1.57,0.0
1.2748009021365594,0.4249930310854024,1.1411384936639413,0.0,1.57,0.0
1.277171059674381,0.42779017956222043,1.1410562077703186,0.0,1.57,0.0
1.2795412172122025,0.4305873280390385,1.1409739218766959,0.0,1.57,0.0
1.2819113747500241,0.43338447651585654,1.1408916359830732,0.0,1.57,0.0
1.2842815322878456,0.4361816249926745,1.1408093500894505,0.0,1.57,0.0
1.2866516898256672,0.43897877346949254,1.1407270641958278,0.0,1.57,0.0
1.2890218473634887,0.4417759219463106,1.1406447783022051,0.0,1.57,0.0
1.2913920049013103,0.44457307042312866,1.1405624924085824,0.0,1.57,0.0
1.2937621624391318,0.44737021889994666,1.1404802065149597,0.0,1.57,0.0
1.2961323199769534,0.45016736737676466,1.140397920621337,0.0,1.57,0.0
1.2985024775147749,0.45296451585358266,1.1403156347277141,0.0,1.57,0.0
1.3008726350525965,0.4557616643304007,1.1402333488340914,0.0,1.57,0.0
1.303242792590418,0.4585588128072188,1.1401510629404688,0.0,1.57,0.0
1.3056129501282396,0.46135596128403683,1.140068777046846,0.0,1.57,0.0
1.3083960507759373,0.46385622721380887,1.1399864911532234,0.0,1.57,0.0
1.311179151423635,0.4663564931435809,1.1399042052596007,0.0,1.57,0.0
1.313962252071333,0.468856759073353,1.139821919365978,0.0,1.57,0.0
1.3167453527190307,0.4713570250031251,1.1397396334723553,0.0,1.57,0.0
1.3195284533667284,0.4738572909328972,1.1396573475787326,0.0,1.57,0.0
1.3223115540144261,0.47635755686266923,1.13957506168511,0.0,1.57,0.0
1.325094654662124,0.47885782279244127,1.1394927757914872,0.0,1.57,0.0
1.3278777553098218,0.48135808872221336,1.1394104898978645,0.0,1.57,0.0
1.3306608559575195,0.48385835465198546,1.1393282040042416,0.0,1.57,0.0
1.3334439566052174,0.48635862058175755,1.139245918110619,0.0,1.57,0.0
1.3362270572529151,0.48885888651152964,1.1391636322169962,0.0,1.57,0.0
1.3390101579006128,0.4913591524413017,1.1390813463233735,0.0,1.57,0.0
1.3417932585483106,0.4938594183710737,1.1389990604297509,0.0,1.57,0.0
1.3445763591960083,0.4963596843008458,1.1389167745361282,0.0,1.57,0.0
1.3473594598437062,0.4988599502306179,1.138372526961335,0.0,1.57,0.0
1.350142560491404,0.5013602161603901,1.1376357953527207,0.0,1.57,0.0
1.3529256611391016,0.503860482090162,1.1368990637441063,0.0,1.57,0.0
1.3557087617867993,0.5063607480199341,1.1361623321354921,0.0,1.57,0.0
1.3584918624344973,0.5088610139497062,1.135425600526878,0.0,1.57,0.0
1.361274963082195,0.5113612798794783,1.1346888689182637,0.0,1.57,0.0
1.3640580637298927,0.5138615458092504,1.1339521373096493,0.0,1.57,0.0
1.3668411643775906,0.5163618117390224,1.133215405701035,0.0,1.57,0.0
1.3696242650252883,0.5188620776687944,1.1324786740924209,0.0,1.57,0.0
1.372407365672986,0.5213623435985666,1.1317419424838067,0.0,1.57,0.0
1.3751904663206838,0.5238626095283386,1.1310052108751922,0.0,1.57,0.0
1.3779735669683817,0.5263628754581108,1.130268479266578,0.0,1.57,0.0
1.3807566676160794,0.5288631413878828,1.1295317476579638,0.0,1.57,0.0
1.3833349318968235,0.53151205724104,1.1287950160493494,0.0,1.57,0.0
1.3859131961775677,0.5341609730941972,1.1280582844407352,0.0,1.57,0.0
1.388491460458312,0.5368098889473545,1.127321552832121,0.0,1.57,0.0
1.3910697247390562,0.5394588048005117,1.1265848212235068,0.0,1.57,0.0
1.3936479890198006,0.542107720653669,1.1258480896148924,0.0,1.57,0.0
1.3962262533005447,0.5447566365068262,1.1251113580062782,0.0,1.57,0.0
1.3988045175812889,0.5474055523599833,1.124374626397664,0.0,1.57,0.0
1.4013827818620332,0.5500544682131406,1.1236378947890497,0.0,1.57,0.0
1.4039610461427774,0.5527033840662978,1.1229011631804353,0.0,1.57,0.0
1.4065393104235215,0.5553522999194551,1.122164431571821,0.0,1.57,0.0
1.4091175747042657,0.5580012157726122,1.121427699963207,0.0,1.57,0.0
1.41169583898501,0.5606501316257695,1.1206909683545925,0.0,1.57,0.0
1.4142741032657542,0.5632990474789267,1.1199542367459783,0.0,1.57,0.0
1.4168523675464986,0.565947963332084,1.119217505137364,0.0,1.57,0.0
1.4194306318272427,0.5685968791852412,1.1184807735287499,0.0,1.57,0.0
1.4220088961079869,0.5712457950383985,1.1177440419201354,0.0,1.57,0.0
1.424587160388731,0.5738947108915556,1.1169443985404937,0.0,1.57,0.0
1.4271654246694754,0.5765436267447128,1.1160132123668849,0.0,1.57,0.0
1.4297436889502195,0.5791925425978701,1.115082026193276,0.0,1.57,0.0
1.432321953230964,0.5818414584510273,1.1141508400196671,0.0,1.57,0.0
1.434900217511708,0.5844903743041846,1.1132196538460584,0.0,1.57,0.0
1.4374784817924522,0.5871392901573418,1.1122884676724496,0.0,1.57,0.0
1.4400567460731963,0.589788206010499,1.1113572814988408,0.0,1.57,0.0
1.4426350103539407,0.5924371218636562,1.110426095325232,0.0,1.57,0.0
1.4452132746346849,0.5950860377168135,1.109494909151623,0.0,1.57,0.0
1.4477915389154292,0.5977349535699708,1.1085637229780143,0.0,1.57,0.0
1.4503698031961734,0.6003838694231279,1.1076325368044055,0.0,1.57,0.0
1.4529759275479892,0.6030174004053,1.1067013506307968,0.0,1.57,0.0
1.455582051899805,0.6056509313874722,1.105770164457188,0.0,1.57,0.0
1.458188176251621,0.6082844623696444,1.1048389782835792,0.0,1.57,0.0
1.4607943006034367,0.6109179933518165,1.1039077921099705,0.0,1.57,0.0
1.4634004249552526,0.6135515243339887,1.1029766059363615,0.0,1.57,0.0
1.4660065493070684,0.6161850553161609,1.1020454197627527,0.0,1.57,0.0
1.4686126736588843,0.618818586298333,1.101114233589144,0.0,1.57,0.0
1.4712187980107,0.6214521172805052,1.1001830474155352,0.0,1.57,0.0
1.4738249223625162,0.6240856482626773,1.0992518612419264,0.0,1.57,0.0
1.476431046714332,0.6267191792448495,1.0983206750683177,0.0,1.57,0.0
1.4790371710661478,0.6293527102270217,1.0973894888947087,0.0,1.57,0.0
1.4816432954179637,0.6319862412091938,1.0964583027211,0.0,1.57,0.0
1.4842494197697795,0.634619772191366,1.0955271165474911,0.0,1.57,0.0
1.4868555441215954,0.6372533031735381,1.0945959303738824,0.0,1.57,0.0
1.4894616684734112,0.6398868341557103,1.0936647442002736,0.0,1.57,0.0
1.492067792825227,0.6425203651378825,1.0927335580266648,0.0,1.57,0.0
1.494673917177043,0.6451538961200546,1.0918023718530558,0.0,1.57,0.0
1.4972800415288587,0.6477874271022268,1.090871185679447,0.0,1.57,0.0
1.4998861658806746,0.6504209580843989,1.0899399995058383,0.0,1.57,0.0
1.5024922902324904,0.6530544890665712,1.0902037673732103,0.0,1.57,0.0
1.5050984145843063,0.6556880200487434,1.0905422198681436,0.0,1.57,0.0
1.507704538936122,0.6583215510309154,1.0908806723630768,0.0,1.57,0.0
1.510310663287938,0.6609550820130876,1.09121912485801,0.0,1.57,0.0
1.512916787639754,0.6635886129952597,1.0915575773529433,0.0,1.57,0.0
1.5155229119915699,0.666222143977432,1.0918960298478766,0.0,1.57,0.0
1.5181290363433857,0.6688556749596042,1.0922344823428098,0.0,1.57,0.0
1.5207351606952015,0.6714892059417762,1.092572934837743,0.0,1.57,0.0
1.5233916981239048,0.6740579935149275,1.0929113873326763,0.0,1.57,0.0
1.5260482355526082,0.6766267810880787,1.0932498398276096,0.0,1.57,0.0
1.5287047729813115,0.67919556866123,1.0935882923225428,0.0,1.57,0.0
1.5313613104100148,0.6817643562343813,1.093926744817476,0.0,1.57,0.0
1.5340178478387183,0.6843331438075325,1.0942651973124093,0.0,1.57,0.0
1.5366743852674214,0.6869019313806838,1.0946036498073424,0.0,1.57,0.0
1.539330922696125,0.689470718953835,1.0949421023022758,0.0,1.57,0.0
1.5419874601248282,0.6920395065269863,1.0952805547972089,0.0,1.57,0.0
1.5446439975535315,0.6946082941001375,1.0956190072921421,0.0,1.57,0.0
1.5473005349822349,0.6971770816732888,1.0959574597870754,0.0,1.57,0.0
1.5499570724109382,0.69974586924644,1.0962959122820086,0.0,1.57,0.0
1.5526136098396415,0.7023146568195914,1.0966343647769419,0.0,1.57,0.0
1.5552701472683448,0.7048834443927425,1.0969728172718751,0.0,1.57,0.0
1.557926684697048,0.7074522319658938,1.0973112697668084,0.0,1.57,0.0
1.5605832221257516,0.7100210195390451,1.0976497222617416,0.0,1.57,0.0
1.5632397595544547,0.7125898071121963,1.0979881747566749,0.0,1.57,0.0
1.5658962969831582,0.7151585946853476,1.0983266272516081,0.0,1.57,0.0
1.5685528344118616,0.7177273822584989,1.0986650797465414,0.0,1.57,0.0
1.5712093718405649,0.72029616983165,1.0990035322414746,0.0,1.57,0.0
1.5738659092692682,0.7228649574048014,1.0993419847364079,0.0,1.57,0.0
1.5765224466979715,0.7254337449779525,1.0996804372313411,0.0,1.57,0.0
1.5791789841266748,0.7280025325511039,1.0992698350163979,0.0,1.57,0.0
1.581835521555378,0.7305713201242551,1.098267873819973,0.0,1.57,0.0
1.5844920589840814,0.7331401076974062,1.097265912623548,0.0,1.57,0.0
1.587148596412785,0.7357088952705576,1.096263951427123,0.0,1.57,0.0
1.5898051338414882,0.7382776828437088,1.0952619902306981,0.0,1.57,0.0
1.5924616712701916,0.7408464704168601,1.0942600290342732,0.0,1.57,0.0
1.5950328176089674,0.7435358943515351,1.0932580678378483,0.0,1.57,0.0
1.5976039639477433,0.7462253182862101,1.0922561066414236,0.0,1.57,0.0
1.6001751102865194,0.7489147422208852,1.0912541454449987,0.0,1.57,0.0
1.6027462566252952,0.7516041661555601,1.0902521842485737,0.0,1.57,0.0
1.605317402964071,0.7542935900902352,1.0892502230521488,0.0,1.57,0.0
1.607888549302847,0.7569830140249102,1.0882482618557239,0.0,1.57,0.0
1.610459695641623,0.7596724379595853,1.087246300659299,0.0,1.57,0.0
1.613030841980399,0.7623618618942603,1.086244339462874,0.0,1.57,0.0
1.6156019883191748,0.7650512858289352,1.085242378266449,0.0,1.57,0.0
1.6181731346579509,0.7677407097636103,1.0842404170700242,0.0,1.57,0.0
1.6207442809967267,0.7704301336982853,1.0832384558735992,0.0,1.57,0.0
1.6233154273355026,0.7731195576329604,1.0822364946771743,0.0,1.57,0.0
1.6258865736742785,0.7758089815676353,1.0812345334807496,0.0,1.57,0.0
1.6284577200130543,0.7784984055023103,1.0802325722843247,0.0,1.57,0.0
1.6310288663518304,0.7811878294369854,1.0792306110878997,0.0,1.57,0.0
1.6336000126906063,0.7838772533716604,1.0782286498914748,0.0,1.57,0.0
1.6361711590293821,0.7865666773063356,1.07722668869505,0.0,1.57,0.0
1.638742305368158,0.7892561012410105,1.076224727498625,0.0,1.57,0.0
1.6413134517069339,0.7919455251756854,1.0752227663022,0.0,1.57,0.0
1.64388459804571,0.7946349491103606,1.0742208051057751,0.0,1.57,0.0
1.6464557443844858,0.7973243730450356,1.0732188439093504,0.0,1.57,0.0
1.649026890723262,0.8000137969797106,1.0722168827129253,0.0,1.57,0.0
1.6515980370620378,0.8027032209143856,1.0712149215165006,0.0,1.57,0.0
1.6541691834008136,0.8053926448490606,1.0701748628635217,0.0,1.57,0.0
1.6567403297395895,0.8080820687837357,1.0689570160799575,0.0,1.57,0.0
1.6593114760783654,0.8107714927184106,1.0677391692963936,0.0,1.57,0.0
1.6618826224171415,0.8134609166530857,1.0665213225128296,0.0,1.57,0.0
1.664453657987584,0.816153443132152,1.0653034757292654,0.0,1.57,0.0
1.6670246935580264,0.8188459696112182,1.0640856289457015,0.0,1.57,0.0
1.669595729128469,0.8215384960902846,1.0628677821621375,0.0,1.57,0.0
1.6721667646989116,0.8242310225693509,1.0616499353785733,0.0,1.57,0.0
1.674737800269354,0.8269235490484173,1.0604320885950094,0.0,1.57,0.0
1.6773088358397965,0.8296160755274835,1.0592142418114454,0.0,1.57,0.0
1.6798798714102392,0.8323086020065499,1.0579963950278812,0.0,1.57,0.0
1.6824509069806817,0.8350011284856161,1.0567785482443173,0.0,1.57,0.0
1.6850219425511241,0.8376936549646824,1.0555607014607533,0.0,1.57,0.0
1.6875929781215668,0.8403861814437488,1.0543428546771891,0.0,1.57,0.0
1.6901640136920093,0.843078707922815,1.0531250078936252,0.0,1.57,0.0
1.6927350492624518,0.8457712344018815,1.0519071611100612,0.0,1.57,0.0
1.6953060848328942,0.8484637608809477,1.050689314326497,0.0,1.57,0.0
1.6978771204033367,0.8511562873600139,1.049471467542933,0.0,1.57,0.0
1.7004481559737794,0.8538488138390804,1.0482536207593691,0.0,1.57,0.0
1.7030191915442219,0.8565413403181465,1.0470357739758052,0.0,1.57,0.0
1.7055902271146643,0.859233866797213,1.045817927192241,0.0,1.57,0.0
1.7081612626851068,0.8619263932762793,1.044600080408677,0.0,1.57,0.0
1.7107322982555493,0.8646189197553455,1.043382233625113,0.0,1.57,0.0
1.713303333825992,0.8673114462344119,1.0421643868415489,0.0,1.57,0.0
1.7158743693964345,0.8700039727134782,1.040946540057985,0.0,1.57,0.0
1.7184454049668771,0.8726964991925446,1.0397286932744207,0.0,1.57,0.0
1.7210164405373196,0.8753890256716108,1.0385108464908568,0.0,1.57,0.0
1.723587476107762,0.8780815521506771,1.0372929997072928,0.0,1.57,0.0
1.7261585116782046,0.8807740786297434,1.0360751529237289,0.0,1.57,0.0
1.728729547248647,0.8834666051088097,1.0348573061401647,0.0,1.57,0.0
1.7313005828190897,0.8861591315878761,1.0330247187469959,0.0,1.57,0.0
1.734496362928053,0.887929583039292,1.031032754158744,0.0,1.57,0.0
1.7376921430370165,0.889700034490708,1.0290407895704925,0.0,1.57,0.0
1.74088792314598,0.8914704859421241,1.0270488249822407,0.0,1.57,0.0
1.7440837032549434,0.89324093739354,1.025056860393989,0.0,1.57,0.0
1.747279483363907,0.895011388844956,1.0230648958057371,0.0,1.57,0.0
1.7504752634728704,0.896781840296372,1.0210729312174855,0.0,1.57,0.0
1.7536710435818337,0.898552291747788,1.0190809666292338,0.0,1.57,0.0
1.7568668236907972,0.900322743199204,1.017089002040982,0.0,1.57,0.0
1.7600626037997606,0.90209319465062,1.0150970374527304,0.0,1.57,0.0
1.7632583839087241,0.9038636461020361,1.0131050728644786,0.0,1.57,0.0
1.7664541640176876,0.905634097553452,1.0111131082762268,0.0,1.57,0.0
1.7696499441266509,0.907404549004868,1.0091211436879752,0.0,1.57,0.0
1.7728457242356144,0.9091750004562841,1.0071291790997234,0.0,1.57,0.0
1.7760415043445779,0.9109454519077,1.0051372145114716,0.0,1.57,0.0
1.7792372844535413,0.912715903359116,1.0031452499232199,0.0,1.57,0.0
1.7824330645625048,0.914486354810532,1.0011532853349683,0.0,1.57,0.0
1.7856288446714683,0.916256806261948,0.9991613207467165,0.0,1.57,0.0
1.7888246247804316,0.918027257713364,0.9971693561584647,0.0,1.57,0.0
1.792020404889395,0.91979770916478,0.9951773915702131,0.0,1.57,0.0
1.7952161849983586,0.9215681606161961,0.9931854269819613,0.0,1.57,0.0
1.798411965107322,0.923338612067612,0.9911934623937096,0.0,1.57,0.0
1.8016077452162855,0.9251090635190281,0.9892014978054579,0.0,1.57,0.0
1.8048035253252488,0.9268795149704441,0.9872095332172062,0.0,1.57,0.0
1.8079993054342123,0.9286499664218599,0.9852175686289545,0.0,1.57,0.0
1.8111950855431758,0.930420417873276,0.9832256040407027,0.0,1.57,0.0
1.8143908656521393,0.932190869324692,0.981233639452451,0.0,1.57,0.0
1.8175866457611027,0.933961320776108,0.9792416748641992,0.0,1.57,0.0
1.8208847802305141,0.9358165711508778,0.9772497102759475,0.0,1.57,0.0
1.8241829146999256,0.9376718215256475,0.9757200555794,0.0,1.57,0.0
1.8274810491693372,0.9395270719004174,0.9748508435852868,0.0,1.57,0.0
1.8307791836387486,0.9413823222751871,0.9739816315911738,0.0,1.57,0.0
1.8340773181081602,0.943237572649957,0.9731124195970606,0.0,1.57,0.0
1.8373754525775716,0.9450928230247267,0.9722432076029475,0.0,1.57,0.0
1.840673587046983,0.9469480733994965,0.9713739956088344,0.0,1.57,0.0
1.8439717215163947,0.9488033237742663,0.9705047836147213,0.0,1.57,0.0
1.847269855985806,0.9506585741490361,0.9696355716206082,0.0,1.57,0.0
1.8505679904552177,0.952513824523806,0.968766359626495,0.0,1.57,0.0
1.853866124924629,0.9543690748985757,0.967897147632382,0.0,1.57,0.0
1.8571642593940405,0.9562243252733454,0.9670279356382689,0.0,1.57,0.0
1.8604623938634521,0.9580795756481153,0.9661587236441558,0.0,1.57,0.0
1.8637605283328635,0.959934826022885,0.9652895116500426,0.0,1.57,0.0
1.8670586628022752,0.9617900763976548,0.9644202996559296,0.0,1.57,0.0
1.8703567972716866,0.9636453267724245,0.9635510876618164,0.0,1.57,0.0
1.8736549317410982,0.9655005771471944,0.9626818756677034,0.0,1.57,0.0
1.8769530662105096,0.9673558275219641,0.9618126636735902,0.0,1.57,0.0
1.880251200679921,0.9692110778967339,0.9609434516794771,0.0,1.57,0.0
1.8835493351493326,0.9710663282715037,0.960074239685364,0.0,1.57,0.0
1.886847469618744,0.9729215786462735,0.9592050276912509,0.0,1.57,0.0
1.8901456040881557,0.9747768290210433,0.9583358156971378,0.0,1.57,0.0
1.893443738557567,0.9766320793958131,0.9574666037030247,0.0,1.57,0.0
1.8967418730269785,0.9784873297705828,0.9565973917089116,0.0,1.57,0.0
1.9000400074963901,0.9803425801453527,0.9557281797147985,0.0,1.57,0.0
1.9033381419658015,0.9821978305201224,0.9548589677206853,0.0,1.57,0.0
1.9066362764352132,0.9840530808948923,0.9539897557265723,0.0,1.57,0.0
1.9101944165567268,0.9846374021446569,0.9531205437324591,0.0,1.57,0.0
1.9137525566782405,0.9852217233944214,0.9522513317383461,0.0,1.57,0.0
1.9173106967997542,0.985806044644186,0.9513821197442329,0.0,1.57,0.0
1.9208688369212679,0.9863903658939505,0.9505370297411392,0.0,1.57,0.0
1.9244269770427818,0.9869746871437151,0.9504879654416821,0.0,1.57,0.0
1.9279851171642954,0.9875590083934797,0.9504389011422252,0.0,1.57,0.0
1.9315432572858091,0.9881433296432441,0.9503898368427682,0.0,1.57,0.0
1.9351013974073228,0.9887276508930087,0.9503407725433113,0.0,1.57,0.0
1.9386595375288365,0.9893119721427732,0.9502917082438543,0.0,1.57,0.0
1.9422176776503504,0.9898962933925378,0.9502426439443973,0.0,1.57,0.0
1.945775817771864,0.9904806146423024,0.9501935796449403,0.0,1.57,0.0
1.9493339578933775,0.9910649358920669,0.9501445153454834,0.0,1.57,0.0
1.9528920980148914,0.9916492571418315,0.9500954510460264,0.0,1.57,0.0
1.956450238136405,0.9922335783915961,0.9500463867465694,0.0,1.57,0.0
1.960008378257919,0.9928178996413606,0.9499973224471124,0.0,1.57,0.0
1.9635665183794326,0.9934022208911252,0.9499482581476555,0.0,1.57,0.0
1.967124658500946,0.9939865421408897,0.9498991938481985,0.0,1.57,0.0
1.97068279862246,0.9945708633906543,0.9498501295487416,0.0,1.57,0.0
1.9742409387439737,0.9951551846404189,0.9498010652492845,0.0,1.57,0.0
1.9777990788654876,0.9957395058901835,0.9497520009498276,0.0,1.57,0.0
1.981357218987001,0.9963238271399479,0.9497029366503706,0.0,1.57,0.0
1.9849153591085147,0.9969081483897125,0.9496538723509137,0.0,1.57,0.0
1.9884734992300286,0.997492469639477,0.9496048080514566,0.0,1.57,0.0
1.9920316393515423,0.9980767908892416,0.9495557437519997,0.0,1.57,0.0
1.9955897794730562,0.9986611121390062,0.9495066794525427,0.0,1.57,0.0
1.9991479195945696,0.9992454333887707,0.9494576151530858,0.0,1.57,0.0
2.0027060597160835,0.9998297546385353,0.9494085508536289,0.0,1.57,0.0
2.0064340157565868,0.9997339895786412,0.9493594865541718,0.0,1.57,0.0
2.0101619717970896,0.9996382245187472,0.9493104222547148,0.0,1.57,0.0
2.013889927837593,0.999542459458853,0.9492613579552579,0.0,1.57,0.0
2.017617883878096,0.999446694398959,0.949212293655801,0.0,1.57,0.0
2.0213458399185993,0.9993509293390649,0.9491632293563439,0.0,1.57,0.0
2.0250737959591025,0.9992551642791707,0.949114165056887,0.0,1.57,0.0
2.0288017519996053,0.9991593992192767,0.9491580333389646,0.0,1.57,0.0
2.0325297080401086,0.9990636341593826,0.9492525921200612,0.0,1.57,0.0
2.036257664080612,0.9989678690994885,0.9493471509011577,0.0,1.57,0.0
2.039985620121115,0.9988721040395944,0.9494417096822543,0.0,1.57,0.0
2.0437135761616183,0.9987763389797003,0.9495362684633508,0.0,1.57,0.0
2.047441532202121,0.9986805739198062,0.9496308272444475,0.0,1.57,0.0
2.0511694882426244,0.9985848088599122,0.949725386025544,0.0,1.57,0.0
2.0548974442831276,0.998489043800018,0.9498199448066406,0.0,1.57,0.0
2.058625400323631,0.998393278740124,0.9499145035877371,0.0,1.57,0.0
2.062353356364134,0.9982975136802299,0.9500090623688336,0.0,1.57,0.0
2.066081312404637,0.9982017486203358,0.9501036211499302,0.0,1.57,0.0
2.0698092684451406,0.9981059835604417,0.9501981799310267,0.0,1.57,0.0
2.0735372244856434,0.9980102185005476,0.9502927387121233,0.0,1.57,0.0
2.0772651805261466,0.9979144534406535,0.9503872974932199,0.0,1.57,0.0
2.08099313656665,0.9978186883807595,0.9504818562743165,0.0,1.57,0.0
2.084721092607153,0.9977229233208653,0.950576415055413,0.0,1.57,0.0
2.0884490486476563,0.9976271582609713,0.9506709738365096,0.0,1.57,0.0
2.092177004688159,0.9975313932010772,0.9507655326176061,0.0,1.57,0.0
2.0959049607286624,0.9974356281411831,0.9508600913987026,0.0,1.57,0.0
2.0996329167691656,0.997339863081289,0.9509546501797992,0.0,1.57,0.0
2.103360872809669,0.9972440980213949,0.9510492089608958,0.0,1.57,0.0
2.1070482576888714,0.9973085360678683,0.9511437677419924,0.0,1.57,0.0
2.1107356425680734,0.9973729741143417,0.9512383265230889,0.0,1.57,0.0
2.114423027447276,0.997437412160815,0.9513328853041855,0.0,1.57,0.0
2.1181104123264785,0.9975018502072884,0.951427444085282,0.0,1.57,0.0
2.121797797205681,0.9975662882537617,0.9515220028663786,0.0,1.57,0.0
2.125485182084883,0.9976307263002351,0.9516165616474751,0.0,1.57,0.0
2.1291725669640855,0.9976951643467085,0.9517111204285716,0.0,1.57,0.0
2.132859951843288,0.9977596023931818,0.9518056792096683,0.0,1.57,0.0
2.13654733672249,0.9978240404396552,0.9519021404255564,0.0,1.57,0.0
2.1402347216016926,0.9978884784861286,0.9520038861825324,0.0,1.57,0.0
2.143922106480895,0.997952916532602,0.9521056319395084,0.0,1.57,0.0
2.147609491360097,0.9980173545790754,0.9522073776964843,0.0,1.57,0.0
2.1512968762393,0.9980817926255487,0.9523091234534604,0.0,1.57,0.0
2.154984261118502,0.998146230672022,0.9524108692104364,0.0,1.57,0.0
2.1586716459977047,0.9982106687184954,0.9525126149674124,0.0,1.57,0.0
2.162359030876907,0.9982751067649688,0.9526143607243883,0.0,1.57,0.0
2.1660464157561092,0.9983395448114422,0.9527161064813643,0.0,1.57,0.0
2.1697338006353117,0.9984039828579155,0.9528178522383404,0.0,1.57,0.0
2.1734211855145142,0.9984684209043889,0.9529195979953163,0.0,1.57,0.0
2.1771085703937167,0.9985328589508623,0.9530213437522923,0.0,1.57,0.0
2.180795955272919,0.9985972969973357,0.9531230895092683,0.0,1.57,0.0
2.1844833401521213,0.9986617350438091,0.9532248352662442,0.0,1.57,0.0
2.188170725031324,0.9987261730902823,0.9533265810232203,0.0,1.57,0.0
2.191858109910526,0.9987906111367557,0.9534283267801963,0.0,1.57,0.0
2.1955454947897284,0.9988550491832291,0.9535300725371723,0.0,1.57,0.0
2.199232879668931,0.9989194872297025,0.9536318182941482,0.0,1.57,0.0
2.2029202645481334,0.9989839252761759,0.9537335640511242,0.0,1.57,0.0
2.2066086830322806,0.9990442819328739,0.9538353098081003,0.0,1.57,0.0
2.2102971015164274,0.9991046385895719,0.9539370555650762,0.0,1.57,0.0
2.2139855200005747,0.9991649952462699,0.9540388013220522,0.0,1.57,0.0
2.217673938484722,0.9992253519029679,0.9541405470790282,0.0,1.57,0.0
2.2213623569688687,0.9992857085596659,0.9542422928360041,0.0,1.57,0.0
2.225050775453016,0.9993460652163639,0.9543440385929802,0.0,1.57,0.0
2.2287391939371632,0.999406421873062,0.9544457843499562,0.0,1.57,0.0
2.2324276124213105,0.99946677852976,0.9545475301069322,0.0,1.57,0.0
2.2361160309054577,0.999527135186458,0.9546492758639081,0.0,1.57,0.0
2.239804449389605,0.999587491843156,0.9547510216208841,0.0,1.57,0.0
2.243492867873752,0.999647848499854,0.9548527673778602,0.0,1.57,0.0
2.247181286357899,0.999708205156552,0.9550923260109869,0.0,1.57,0.0
2.2508697048420463,0.99976856181325,0.9553502596942671,0.0,1.57,0.0
2.2545581233261935,0.999828918469948,0.9556081933775473,0.0,1.57,0.0
2.258246541810341,0.9998892751266462,0.9558661270608275,0.0,1.57,0.0
2.2619349602944876,0.9999496317833442,0.9561240607441076,0.0,1.57,0.0
2.265623378778635,1.0000099884400422,0.9563819944273878,0.0,1.57,0.0
2.269311797262782,1.00007034509674,0.956639928110668,0.0,1.57,0.0
2.273000215746929,1.0001307017534382,0.9568978617939482,0.0,1.57,0.0
2.2766886342310766,1.0001910584101361,0.9571557954772284,0.0,1.57,0.0
2.2803770527152234,1.0002514150668342,0.9574137291605086,0.0,1.57,0.0
2.2840654711993706,1.0003117717235321,0.9576716628437888,0.0,1.57,0.0
2.287753889683518,1.0003721283802303,0.957929596527069,0.0,1.57,0.0
2.2914423081676647,1.0004324850369282,0.9581875302103492,0.0,1.57,0.0
2.295130726651812,1.0004928416936263,0.9584454638936294,0.0,1.57,0.0
2.298819145135959,1.0005531983503242,0.9587033975769096,0.0,1.57,0.0
2.3025075636201064,1.0006135550070223,0.9589613312601898,0.0,1.57,0.0
2.3062116423101333,1.0006120743007298,0.95921926494347,0.0,1.57,0.0
2.30991572100016,1.0006105935944374,0.9594771986267502,0.0,1.57,0.0
2.313619799690187,1.000609112888145,0.9597351323100304,0.0,1.57,0.0
2.317323878380214,1.0006076321818522,0.9599930659933106,0.0,1.57,0.0
2.321027957070241,1.0006061514755598,0.9602509996765907,0.0,1.57,0.0
2.324732035760268,1.0006046707692673,0.9605089333598709,0.0,1.57,0.0
2.328436114450295,1.0006031900629748,0.9607668670431511,0.0,1.57,0.0
2.332140193140322,1.0006017093566824,0.9610248007264313,0.0,1.57,0.0
2.3358442718303487,1.00060022865039,0.9612827344097115,0.0,1.57,0.0
2.339548350520376,1.0005987479440974,0.9615406680929917,0.0,1.57,0.0
2.343252429210403,1.0005972672378047,0.9617986017762719,0.0,1.57,0.0
2.3469565079004298,1.0005957865315123,0.962056535459552,0.0,1.57,0.0
2.3506605865904566,1.0005943058252198,0.9623144691428323,0.0,1.57,0.0
2.3543646652804835,1.0005928251189273,0.9626847990176706,0.0,1.57,0.0
2.3580687439705104,1.0005913444126349,0.9631675250840671,0.0,1.57,0.0
2.3617728226605372,1.0005898637063424,0.9636502511504635,0.0,1.57,0.0
2.365476901350564,1.0005883830000497,0.9641329772168601,0.0,1.57,0.0
2.369180980040591,1.0005869022937572,0.9646157032832565,0.0,1.57,0.0
2.3728850587306183,1.0005854215874648,0.9650984293496531,0.0,1.57,0.0
2.376589137420645,1.0005839408811723,0.9655811554160496,0.0,1.57,0.0
2.380293216110672,1.0005824601748798,0.966063881482446,0.0,1.57,0.0
2.383997294800699,1.0005809794685874,0.9665466075488426,0.0,1.57,0.0
2.3877013734907258,1.000579498762295,0.967029333615239,0.0,1.57,0.0
2.391405452180753,1.0005780180560022,0.9675120596816356,0.0,1.57,0.0
2.39510953087078,1.0005765373497097,0.9679947857480321,0.0,1.57,0.0
2.398813609560807,1.0005750566434173,0.9684775118144285,0.0,1.57,0.0
2.4025176882508337,1.0005735759371248,0.9689602378808251,0.0,1.57,0.0
2.406226886494939,1.0005518796777078,0.9694429639472215,0.0,1.57,0.0
2.409936084739045,1.0005301834182905,0.9699256900136181,0.0,1.57,0.0
2.4136452829831505,1.0005084871588734,0.9704084160800146,0.0,1.57,0.0
2.417354481227256,1.0004867908994564,0.970891142146411,0.0,1.57,0.0
2.4210636794713616,1.000465094640039,0.9713738682128076,0.0,1.57,0.0
2.424772877715467,1.000443398380622,0.971856594279204,0.0,1.57,0.0
2.4284820759595727,1.000421702121205,0.9723393203456006,0.0,1.57,0.0
2.4321912742036784,1.0004000058617877,0.9728220464119971,0.0,1.57,0.0
2.4359004724477837,1.0003783096023706,0.9733047724783935,0.0,1.57,0.0
2.439609670691889,1.0003566133429536,0.9737874985447901,0.0,1.57,0.0
2.443318868935995,1.0003349170835365,0.9742702246111865,0.0,1.57,0.0
2.4470280671801006,1.0003132208241192,0.974752950677583,0.0,1.57,0.0
2.450737265424206,1.0002915245647022,0.9752356767439796,0.0,1.57,0.0
2.4544464636683117,1.000269828305285,0.975718402810376,0.0,1.57,0.0
2.458155661912417,1.0002481320458678,0.9762011288767726,0.0,1.57,0.0
2.4618648601565223,1.0002264357864508,0.9766987531880501,0.0,1.57,0.0
2.4655740584006285,1.0002047395270337,0.9773081143359361,0.0,1.57,0.0
2.469283256644734,1.0001830432676164,0.977917475483822,0.0,1.57,0.0
2.472992454888839,1.0001613470081994,0.9785268366317078,0.0,1.57,0.0
2.476701653132945,1.0001396507487823,0.9791361977795937,0.0,1.57,0.0
2.48041085137705,1.000117954489365,0.9797455589274796,0.0,1.57,0.0
2.484120049621156,1.000096258229948,0.9803549200753655,0.0,1.57,0.0
2.4878292478652617,1.000074561970531,0.9809642812232514,0.0,1.57,0.0
2.491538446109367,1.0000528657111136,0.9815736423711373,0.0,1.57,0.0
2.4952476443534723,1.0000311694516966,0.9821830035190232,0.0,1.57,0.0
2.498956842597578,1.0000094731922795,0.9827923646669091,0.0,1.57,0.0
2.502666040841684,0.9999877769328623,0.983401725814795,0.0,1.57,0.0
2.506371485784882,0.9999809013106965,0.9840110869626809,0.0,1.57,0.0
2.51007693072808,0.9999740256885308,0.9846204481105668,0.0,1.57,0.0
2.513782375671278,0.9999671500663649,0.9852298092584526,0.0,1.57,0.0
2.517487820614476,0.9999602744441991,0.9858391704063385,0.0,1.57,0.0
2.5211932655576743,0.9999533988220333,0.9864485315542245,0.0,1.57,0.0
2.5248987105008727,0.9999465231998675,0.9870578927021103,0.0,1.57,0.0
2.5286041554440706,0.9999396475777017,0.9876672538499962,0.0,1.57,0.0
2.5323096003872685,0.9999327719555359,0.9882766149978821,0.0,1.57,0.0
2.536015045330467,0.9999258963333701,0.988885976145768,0.0,1.57,0.0
2.539720490273665,0.9999190207112043,0.9894953372936539,0.0,1.57,0.0
2.543425935216863,0.9999121450890385,0.9901046984415398,0.0,1.57,0.0
2.547131380160061,0.9999052694668727,0.9907140595894257,0.0,1.57,0.0
2.550836825103259,0.9998983938447069,0.9913234207373116,0.0,1.57,0.0
2.5545422700464577,0.9998915182225411,0.9919327818851975,0.0,1.57,0.0
2.5582477149896556,0.9998846426003752,0.9925421430330834,0.0,1.57,0.0
2.5619531599328536,0.9998777669782095,0.9931515041809693,0.0,1.57,0.0
2.5656586048760515,0.9998708913560437,0.9937608653288551,0.0,1.57,0.0
2.56936404981925,0.9998640157338778,0.994370226476741,0.0,1.57,0.0
2.573069494762448,0.9998571401117121,0.9949831031426759,0.0,1.57,0.0
2.576774939705646,0.9998502644895463,0.9955972453951084,0.0,1.57,0.0
2.580480384648844,0.9998433888673804,0.9962113876475409,0.0,1.57,0.0
2.5841858295920423,0.9998365132452147,0.9968255298999734,0.0,1.57,0.0
2.5878912745352403,0.9998296376230489,0.9974396721524058,0.0,1.57,0.0
2.5915967194784386,0.999822762000883,0.9980538144048384,0.0,1.57,0.0
2.5953021644216365,0.9998158863787172,0.9986679566572709,0.0,1.57,0.0
2.599007609364835,0.9998090107565515,0.9992820989097033,0.0,1.57,0.0
2.602713054308033,0.9998021351343856,0.9998962411621358,0.0,1.57,0.0
2.6064155863728495,0.9998067615779783,1.0005103834145683,0.0,1.57,0.0
2.6101181184376663,0.999811388021571,1.001124525667001,0.0,1.57,0.0
2.613820650502483,0.9998160144651637,1.0017386679194333,0.0,1.57,0.0
2.6175231825672993,0.9998206409087563,1.0023528101718657,0.0,1.57,0.0
2.621225714632116,0.9998252673523489,1.0029669524242983,0.0,1.57,0.0
2.6249282466969324,0.9998298937959416,1.0035810946767307,0.0,1.57,0.0
2.6286307787617496,0.9998345202395342,1.0041952369291633,0.0,1.57,0.0
2.632333310826566,0.9998391466831269,1.0048093791815957,0.0,1.57,0.0
2.6360358428913826,0.9998437731267196,1.0054235214340284,0.0,1.57,0.0
2.6397383749561993,0.9998483995703122,1.0060376636864607,0.0,1.57,0.0
2.6434409070210156,0.9998530260139049,1.0066518059388931,0.0,1.57,0.0
2.647143439085833,0.9998576524574976,1.0072659481913258,0.0,1.57,0.0
2.650845971150649,0.9998622789010903,1.0078800904437584,0.0,1.57,0.0
2.654548503215466,0.9998669053446828,1.0084942326961908,0.0,1.57,0.0
2.658251035280282,0.9998715317882755,1.0091083749486232,0.0,1.57,0.0
2.661953567345099,0.9998761582318682,1.0097225172010558,0.0,1.57,0.0
2.6656560994099157,0.9998807846754608,1.0103366594534882,0.0,1.57,0.0
2.6693586314747324,0.9998854111190535,1.0109508017059208,0.0,1.57,0.0
2.673061163539549,0.9998900375626462,1.0115649439583532,0.0,1.57,0.0
2.6767636956043654,0.9998946640062388,1.0121790862107858,0.0,1.57,0.0
2.680466227669182,0.9998992904498315,1.0127385622623752,0.0,1.57,0.0
2.684168759733999,0.9999039168934242,1.0131978169457527,0.0,1.57,0.0
2.6878712917988157,0.9999085433370167,1.0136570716291302,0.0,1.57,0.0
2.691573823863632,0.9999131697806094,1.014116326312508,0.0,1.57,0.0
2.6952763559284487,0.9999177962242021,1.0145755809958854,0.0,1.57,0.0
2.698978887993265,0.9999224226677947,1.015034835679263,0.0,1.57,0.0
2.702681420058082,0.9999270491113874,1.0154940903626404,0.0,1.57,0.0
2.7063840263322394,0.9999313825249928,1.0159533450460179,0.0,1.57,0.0
2.7100866326063966,0.9999357159385983,1.0164125997293953,0.0,1.57,0.0
2.7137892388805533,0.9999400493522037,1.0168718544127728,0.0,1.57,0.0
2.7174918451547105,0.9999443827658091,1.0173311090961503,0.0,1.57,0.0
2.721194451428868,0.9999487161794145,1.017790363779528,0.0,1.57,0.0
2.7248970577030254,0.99995304959302,1.0182496184629055,0.0,1.57,0.0
2.7285996639771826,0.9999573830066254,1.018708873146283,0.0,1.57,0.0
2.7323022702513398,0.9999617164202308,1.0191681278296605,0.0,1.57,0.0
2.7360048765254965,0.9999660498338362,1.019627382513038,0.0,1.57,0.0
2.739707482799654,0.9999703832474417,1.0200866371964155,0.0,1.57,0.0
2.7434100890738113,0.9999747166610471,1.020545891879793,0.0,1.57,0.0
2.7471126953479685,0.9999790500746525,1.0210051465631704,0.0,1.57,0.0
2.7508153016221257,0.9999833834882579,1.021464401246548,0.0,1.57,0.0
2.754517907896283,0.9999877169018634,1.0219236559299256,0.0,1.57,0.0
2.75822051417044,0.9999920503154688,1.022382910613303,0.0,1.57,0.0
2.7619231204445973,0.9999963837290742,1.0228421652966806,0.0,1.57,0.0
2.7656257267187545,1.0000007171426797,1.023301419980058,0.0,1.57,0.0
2.7693283329929117,1.000005050556285,1.0237606746634356,0.0,1.57,0.0
2.773030939267069,1.0000093839698905,1.024219929346813,0.0,1.57,0.0
2.776733545541226,1.000013717383496,1.0246791840301905,0.0,1.57,0.0
2.7804361518153833,1.0000180507971013,1.025138438713568,0.0,1.57,0.0
2.7841387580895405,1.0000223842107068,1.0255976933969457,0.0,1.57,0.0
2.7878413643636977,1.000026717624312,1.0260569480803232,0.0,1.57,0.0
2.7915439706378553,1.0000310510379176,1.0261901405986678,0.0,1.57,0.0
2.795246576912012,1.000035384451523,1.026313452445345,0.0,1.57,0.0
2.7989491831861693,1.0000397178651284,1.026436764292022,0.0,1.57,0.0
2.8026517894603264,1.0000440512787339,1.026560076138699,0.0,1.57,0.0
2.806355520086688,1.0000439449693939,1.026683387985376,0.0,1.57,0.0
2.8100592507130493,1.0000438386600539,1.026806699832053,0.0,1.57,0.0
2.8137629813394107,1.000043732350714,1.02693001167873,0.0,1.57,0.0
2.8174667119657717,1.000043626041374,1.0270533235254071,0.0,1.57,0.0
2.821170442592133,1.000043519732034,1.0271766353720841,0.0,1.57,0.0
2.824874173218494,1.000043413422694,1.0272999472187612,0.0,1.57,0.0
2.828577903844856,1.0000433071133543,1.0274232590654382,0.0,1.57,0.0
2.832281634471217,1.0000432008040143,1.0275465709121154,0.0,1.57,0.0
2.8359853650975784,1.0000430944946743,1.0276698827587925,0.0,1.57,0.0
2.83968909572394,1.0000429881853343,1.0277931946054695,0.0,1.57,0.0
2.8433928263503008,1.0000428818759943,1.0279165064521465,0.0,1.57,0.0
2.8470965569766626,1.0000427755666546,1.0280398182988235,0.0,1.57,0.0
2.8508002876030236,1.0000426692573146,1.0281631301455005,0.0,1.57,0.0
2.854504018229385,1.0000425629479746,1.0282864419921776,0.0,1.57,0.0
2.858207748855746,1.0000424566386346,1.0284097538388546,0.0,1.57,0.0
2.8619114794821074,1.0000423503292948,1.0285330656855316,0.0,1.57,0.0
2.865615210108469,1.0000422440199548,1.0286563775322088,0.0,1.57,0.0
2.8693189407348303,1.0000421377106148,1.0287796893788859,0.0,1.57,0.0
2.8730226713611917,1.0000420314012748,1.0289030012255629,0.0,1.57,0.0
2.8767264019875527,1.0000419250919348,1.02902631307224,0.0,1.57,0.0
2.880430132613914,1.000041818782595,1.029149624918917,0.0,1.57,0.0
2.8841338632402755,1.000041712473255,1.029272936765594,0.0,1.57,0.0
2.887837593866637,1.000041606163915,1.029396248612271,0.0,1.57,0.0
2.891541324492998,1.000041499854575,1.029519560458948,0.0,1.57,0.0
2.8952450551193594,1.0000413935452352,1.029642872305625,0.0,1.57,0.0
2.898948785745721,1.0000412872358952,1.029544986447507,0.0,1.57,0.0
2.902652516372082,1.0000411809265553,1.0292922621960325,0.0,1.57,0.0
2.906356614566308,1.000039623204147,1.0290395379445583,0.0,1.57,0.0
2.910060712760534,1.000038065481739,1.0287868136930838,0.0,1.57,0.0
2.9137648109547594,1.000036507759331,1.0285340894416093,0.0,1.57,0.0
2.9174689091489854,1.0000349500369228,1.0282813651901348,0.0,1.57,0.0
2.9211730073432114,1.0000333923145146,1.0280286409386603,0.0,1.57,0.0
2.924877105537437,1.0000318345921064,1.0277759166871858,0.0,1.57,0.0
2.928581203731663,1.0000302768696985,1.0275231924357113,0.0,1.57,0.0
2.9322853019258885,1.0000287191472903,1.0272704681842368,0.0,1.57,0.0
2.9359894001201146,1.0000271614248821,1.0270177439327624,0.0,1.57,0.0
2.9396934983143406,1.000025603702474,1.0267650196812879,0.0,1.57,0.0
2.943397596508566,1.0000240459800658,1.0265122954298134,0.0,1.57,0.0
2.947101694702792,1.0000224882576578,1.0262595711783389,0.0,1.57,0.0
2.9508057928970177,1.0000209305352497,1.0260068469268644,0.0,1.57,0.0
2.9545098910912437,1.0000193728128415,1.02575412267539,0.0,1.57,0.0
2.9582139892854697,1.0000178150904333,1.0255013984239154,0.0,1.57,0.0
2.9619180874796958,1.0000162573680254,1.025248674172441,0.0,1.57,0.0
2.9656221856739213,1.0000146996456172,1.0249959499209664,0.0,1.57,0.0
2.969326283868147,1.000013141923209,1.024743225669492,0.0,1.57,0.0
2.973030382062373,1.0000115842008008,1.0244905014180175,0.0,1.57,0.0
2.976734480256599,1.0000100264783927,1.024237777166543,0.0,1.57,0.0
2.980438578450825,1.0000084687559847,1.0239850529150687,0.0,1.57,0.0
2.9841426766450505,1.0000069110335765,1.0237323286635942,0.0,1.57,0.0
2.987846774839276,1.0000053533111684,1.0234796044121197,0.0,1.57,0.0
2.991550873033502,1.0000037955887602,1.0232268801606452,0.0,1.57,0.0
2.995254971227728,1.0000022378663522,1.0229741559091707,0.0,1.57,0.0
2.998959069421954,1.000000680143944,1.0227214316576962,0.0,1.57,0.0
3.0026631676161797,0.9999991224215359,1.0224687074062218,0.0,1.57,0.0
3.0063669963360056,0.9999986287711088,1.0221974139556473,0.0,1.57,0.0
3.0100708250558315,0.9999981351206817,1.0218544964514022,0.0,1.57,0.0
3.0137746537756573,0.9999976414702546,1.0215115789471572,0.0,1.57,0.0
3.017478482495483,0.9999971478198275,1.021168661442912,0.0,1.57,0.0
3.0211823112153087,0.9999966541694003,1.0208257439386672,0.0,1.57,0.0
3.0248861399351346,0.9999961605189732,1.0204828264344221,0.0,1.57,0.0
3.0285899686549604,0.9999956668685461,1.020139908930177,0.0,1.57,0.0
3.0322937973747863,0.999995173218119,1.019796991425932,0.0,1.57,0.0
3.0359976260946118,0.999994679567692,1.0194540739216869,0.0,1.57,0.0
3.0397014548144377,0.9999941859172649,1.0191111564174418,0.0,1.57,0.0
3.0434052835342635,0.9999936922668378,1.0187682389131967,0.0,1.57,0.0
3.0471091122540894,0.9999931986164107,1.0184253214089516,0.0,1.57,0.0
3.0508129409739153,0.9999927049659836,1.0180824039047065,0.0,1.57,0.0
3.0545167696937408,0.9999922113155564,1.0177394864004614,0.0,1.57,0.0
3.0582205984135666,0.9999917176651293,1.0173965688962163,0.0,1.57,0.0
3.0619244271333925,0.9999912240147022,1.0170536513919712,0.0,1.57,0.0
3.0656282558532184,0.9999907303642751,1.0167107338877261,0.0,1.57,0.0
3.0693320845730443,0.999990236713848,1.016367816383481,0.0,1.57,0.0
3.0730359132928697,0.9999897430634209,1.016024898879236,0.0,1.57,0.0
3.0767397420126956,0.9999892494129938,1.0156819813749909,0.0,1.57,0.0
3.0804435707325215,0.9999887557625667,1.015339063870746,0.0,1.57,0.0
3.0841473994523474,0.9999882621121396,1.0149961463665007,0.0,1.57,0.0
3.0878512281721733,0.9999877684617124,1.0146532288622558,0.0,1.57,0.0
3.0915550568919987,0.9999872748112854,1.0143103113580108,0.0,1.57,0.0
3.0952588856118246,0.9999867811608583,1.0139673938537657,0.0,1.57,0.0
3.09896271433165,0.9999862875104312,1.0136244763495206,0.0,1.57,0.0
3.1026665430514764,0.9999857938600041,1.0132815588452755,0.0,1.57,0.0
3.1063701626352627,0.9999861260238279,1.0129386413410304,0.0,1.57,0.0
3.110073782219049,0.9999864581876516,1.0125957238367853,0.0,1.57,0.0
3.1137774018028352,0.9999867903514755,1.0122528063325402,0.0,1.57,0.0
3.117481021386621,0.9999871225152993,1.0120840284148527,0.0,1.57,0.0
3.121184640970408,0.9999874546791231,1.0119525661228561,0.0,1.57,0.0
3.124888260554194,0.9999877868429469,1.0118211038308595,0.0,1.57,0.0
3.1285918801379804,0.9999881190067708,1.0116896415388628,0.0,1.57,0.0
3.1322954997217667,0.9999884511705945,1.0115581792468662,0.0,1.57,0.0
3.135999119305553,0.9999887833344183,1.0114267169548696,0.0,1.57,0.0
3.1397027388893397,0.9999891154982421,1.0112952546628728,0.0,1.57,0.0
3.1434063584731256,0.9999894476620659,1.0111637923708763,0.0,1.57,0.0
3.147109978056912,0.9999897798258898,1.0110323300788797,0.0,1.57,0.0
3.150813597640698,0.9999901119897135,1.0109008677868832,0.0,1.57,0.0
3.1545172172244844,0.9999904441535373,1.0107694054948864,0.0,1.57,0.0
3.158220836808271,0.9999907763173611,1.0106379432028898,0.0,1.57,0.0
3.1619244563920574,0.999991108481185,1.0105064809108932,0.0,1.57,0.0
3.1656280759758437,0.9999914406450088,1.0103750186188967,0.0,1.57,0.0
3.1693316955596296,0.9999917728088326,1.0102435563268999,0.0,1.57,0.0
3.173035315143416,0.9999921049726563,1.0101120940349033,0.0,1.57,0.0
3.1767389347272026,0.9999924371364801,1.0099806317429068,0.0,1.57,0.0
3.180442554310989,0.999992769300304,1.0098491694509102,0.0,1.57,0.0
3.184146173894775,0.9999931014641278,1.0097177071589134,0.0,1.57,0.0
3.1878497934785615,0.9999934336279516,1.0095862448669168,0.0,1.57,0.0
3.1915534130623477,0.9999937657917753,1.0094547825749203,0.0,1.57,0.0
3.195257032646134,0.9999940979555992,1.0093233202829237,0.0,1.57,0.0
3.1989606522299203,0.999994430119423,1.009191857990927,0.0,1.57,0.0
3.2026642718137066,0.9999947622832468,1.0090603956989304,0.0,1.57,0.0
3.206367896723316,0.9999950734170249,1.0089289334069338,0.0,1.57,0.0
3.210071521632925,0.9999953845508028,1.0087974711149372,0.0,1.57,0.0
3.2137751465425346,0.9999956956845809,1.0086660088229404,0.0,1.57,0.0
3.217478771452144,0.999996006818359,1.0085345465309439,0.0,1.57,0.0
3.221182396361753,0.9999963179521371,1.0084030842389473,0.0,1.57,0.0
3.224886021271362,0.999996629085915,1.0083512218369506,0.0,1.57,0.0
3.2285896461809718,0.9999969402196931,1.0084001859622873,0.0,1.57,0.0
3.2322932710905805,0.9999972513534712,1.008449150087624,0.0,1.57,0.0
3.2359968960001897,0.9999975624872491,1.0084981142129608,0.0,1.57,0.0
3.239700520909799,0.9999978736210272,1.0085470783382975,0.0,1.57,0.0
3.243404145819408,0.9999981847548053,1.008596042463634,0.0,1.57,0.0
3.2471077707290177,0.9999984958885832,1.0086450065889707,0.0,1.57,0.0
3.250811395638627,0.9999988070223613,1.0086939707143074,0.0,1.57,0.0
3.254515020548236,0.9999991181561394,1.0087429348396442,0.0,1.57,0.0
3.2582186454578452,0.9999994292899175,1.008791898964981,0.0,1.57,0.0
3.2619222703674544,0.9999997404236954,1.0088408630903174,0.0,1.57,0.0
3.265625895277064,1.0000000515574734,1.0088898272156541,0.0,1.57,0.0
3.269329520186673,1.0000003626912515,1.0089387913409908,0.0,1.57,0.0
3.2730331450962824,1.0000006738250296,1.0089877554663276,0.0,1.57,0.0
3.2767367700058916,1.0000009849588076,1.0090367195916643,0.0,1.57,0.0
3.2804403949155008,1.0000012960925857,1.009085683717001,0.0,1.57,0.0
3.28414401982511,1.0000016072263638,1.0091346478423375,0.0,1.57,0.0
3.287847644734719,1.0000019183601419,1.0091836119676743,0.0,1.57,0.0
3.2915512696443283,1.0000022294939197,1.009232576093011,0.0,1.57,0.0
3.2952548945539375,1.0000025406276978,1.0092815402183477,0.0,1.57,0.0
3.2989585194635467,1.0000028517614759,1.0093305043436844,0.0,1.57,0.0
3.3026621443731563,1.000003162895254,1.0093794684690212,0.0,1.57,0.0
3.306365850007743,1.000003155270787,1.0094284325943577,0.0,1.57,0.0
3.31006955564233,1.0000031476463203,1.0094773967196944,0.0,1.57,0.0
3.3137732612769164,1.0000031400218534,1.0095263608450311,0.0,1.57,0.0
3.3174769669115034,1.0000031323973866,1.0095753249703678,0.0,1.57,0.0
3.3211806725460904,1.0000031247729197,1.0096242890957046,0.0,1.57,0.0
3.3248843781806774,1.000003117148453,1.0096732532210413,0.0,1.57,0.0
3.328588083815264,1.000003109523986,1.0097222173463778,0.0,1.57,0.0
3.332291789449851,1.0000031018995192,1.0097678066881821,0.0,1.57,0.0
3.3359954950844375,1.0000030942750524,1.009759399493468,0.0,1.57,0.0
3.3396992007190245,1.0000030866505856,1.009750992298754,0.0,1.57,0.0
3.3434029063536115,1.0000030790261187,1.0097425851040398,0.0,1.57,0.0
3.347106611988198,1.000003071401652,1.0097341779093256,0.0,1.57,0.0
3.350810317622785,1.000003063777185,1.0097257707146114,0.0,1.57,0.0
3.3545140232573716,1.0000030561527185,1.0097173635198975,0.0,1.57,0.0
3.358217728891959,1.0000030485282516,1.0097089563251833,0.0,1.57,0.0
3.3619214345265456,1.0000030409037848,1.0097005491304691,0.0,1.57,0.0
3.3656251401611326,1.000003033279318,1.009692141935755,0.0,1.57,0.0
3.369328845795719,1.000003025654851,1.0096837347410408,0.0,1.57,0.0
3.373032551430306,1.0000030180303843,1.0096753275463268,0.0,1.57,0.0
3.376736257064893,1.0000030104059174,1.0096669203516127,0.0,1.57,0.0
3.3804399626994797,1.0000030027814506,1.0096585131568985,0.0,1.57,0.0
3.3841436683340667,1.0000029951569838,1.0096501059621843,0.0,1.57,0.0
3.387847373968653,1.000002987532517,1.0096416987674703,0.0,1.57,0.0
3.39155107960324,1.00000297990805,1.0096332915727562,0.0,1.57,0.0
3.395254785237827,1.0000029722835833,1.009624884378042,0.0,1.57,0.0
3.398958490872414,1.0000029646591164,1.0096164771833278,0.0,1.57,0.0
3.4026621965070007,1.0000029570346496,1.0096080699886136,0.0,1.57,0.0
3.4063659285376127,1.0000028451803529,1.0095996627938997,0.0,1.57,0.0
3.4100696605682246,1.0000027333260564,1.0095912555991855,0.0,1.57,0.0
3.413773392598837,1.0000026214717597,1.0095828484044713,0.0,1.57,0.0
3.417477124629449,1.000002509617463,1.0095744412097571,0.0,1.57,0.0
3.4211808566600608,1.0000023977631662,1.0095660340150432,0.0,1.57,0.0
3.4248845886906727,1.0000022859088697,1.009557626820329,0.0,1.57,0.0
3.428588320721285,1.000002174054573,1.0095492196256148,0.0,1.57,0.0
3.4322920527518974,1.0000020622002763,1.0095408124309007,0.0,1.57,0.0
3.4359957847825093,1.0000019503459796,1.0095324052361865,0.0,1.57,0.0
3.4396995168131212,1.0000018384916831,1.0095239980414725,0.0,1.57,0.0
3.443403248843733,1.0000017266373864,1.0093782721256892,0.0,1.57,0.0
3.447106980874345,1.0000016147830897,1.0091668720389597,0.0,1.57,0.0
3.4508107129049574,1.000001502928793,1.0089554719522302,0.0,1.57,0.0
3.4545144449355694,1.0000013910744965,1.0087440718655007,0.0,1.57,0.0
3.4582181769661813,1.0000012792201998,1.0085326717787713,0.0,1.57,0.0
3.461921908996793,1.000001167365903,1.0083212716920418,0.0,1.57,0.0
3.465625641027405,1.0000010555116063,1.0081098716053123,0.0,1.57,0.0
3.4693293730580175,1.0000009436573098,1.0078984715185828,0.0,1.57,0.0
3.4730331050886294,1.0000008318030131,1.0076870714318533,0.0,1.57,0.0
3.4767368371192413,1.0000007199487164,1.0074756713451238,0.0,1.57,0.0
3.4804405691498537,1.0000006080944197,1.0072642712583944,0.0,1.57,0.0
3.484144301180466,1.0000004962401232,1.0070528711716649,0.0,1.57,0.0
3.487848033211078,1.0000003843858265,1.0068414710849354,0.0,1.57,0.0
3.49155176524169,1.0000002725315298,1.006630070998206,0.0,1.57,0.0
3.495255497272302,1.000000160677233,1.0064186709114764,0.0,1.57,0.0
3.4989592293029137,1.0000000488229366,1.006207270824747,0.0,1.57,0.0
3.502662961333526,0.9999999369686399,1.0059958707380174,0.0,1.57,0.0
3.5063666740234445,0.9999999014848262,1.005784470651288,0.0,1.57,0.0
3.510070386713363,0.9999998660010125,1.0055730705645585,0.0,1.57,0.0
3.5137740994032813,0.9999998305171989,1.005361670477829,0.0,1.57,0.0
3.5174778120931998,0.9999997950333852,1.0051502703910995,0.0,1.57,0.0
3.5211815247831186,0.9999997595495715,1.00493887030437,0.0,1.57,0.0
3.524885237473037,0.9999997240657579,1.0047274702176405,0.0,1.57,0.0
3.5285889501629555,0.9999996885819443,1.004516070130911,0.0,1.57,0.0
3.532292662852874,0.9999996530981307,1.0043046700441816,0.0,1.57,0.0
3.5359963755427923,0.999999617614317,1.004093269957452,0.0,1.57,0.0
3.539700088232711,0.9999995821305033,1.0038818698707226,0.0,1.57,0.0
3.5434038009226296,0.9999995466466897,1.003670469783993,0.0,1.57,0.0
3.547107513612548,0.999999511162876,1.0034590696972636,0.0,1.57,0.0
3.5508112263024665,0.9999994756790623,1.0032113009869865,0.0,1.57,0.0
3.554514938992385,0.9999994401952487,1.0028762475801958,0.0,1.57,0.0
3.5582186516823033,0.999999404711435,1.002541194173405,0.0,1.57,0.0
3.5619223643722218,0.9999993692276213,1.0022061407666143,0.0,1.57,0.0
3.56562607706214,0.9999993337438077,1.0018710873598233,0.0,1.57,0.0
3.5693297897520586,0.999999298259994,1.0015360339530326,0.0,1.57,0.0
3.573033502441977,0.9999992627761803,1.0012009805462418,0.0,1.57,0.0
3.576737215131896,0.9999992272923667,1.0008659271394509,0.0,1.57,0.0
3.5804409278218143,0.9999991918085531,1.0005308737326601,0.0,1.57,0.0
3.5841446405117328,0.9999991563247395,1.0001958203258694,0.0,1.57,0.0
3.587848353201651,0.9999991208409258,0.9998607669190785,0.0,1.57,0.0
3.5915520658915696,0.9999990853571121,0.9995257135122877,0.0,1.57,0.0
3.5952557785814885,0.9999990498732985,0.999190660105497,0.0,1.57,0.0
3.598959491271407,0.9999990143894848,0.9988556066987061,0.0,1.57,0.0
3.6026632039613253,0.9999989789056711,0.9985205532919154,0.0,1.57,0.0
3.6063669016250723,0.9999990027556117,0.9981854998851245,0.0,1.57,0.0
3.61007059928882,0.9999990266055524,0.9978504464783338,0.0,1.57,0.0
3.6137742969525672,0.999999050455493,0.9975153930715429,0.0,1.57,0.0
3.6174779946163147,0.9999990743054337,0.9971803396647521,0.0,1.57,0.0
3.6211816922800617,0.9999990981553742,0.9968452862579613,0.0,1.57,0.0
3.6248853899438087,0.9999991220053148,0.9965102328511705,0.0,1.57,0.0
3.628589087607556,0.9999991458552555,0.9961751794443797,0.0,1.57,0.0
3.6322927852713036,0.9999991697051961,0.9958401260375889,0.0,1.57,0.0
3.6359964829350506,0.9999991935551368,0.995505072630798,0.0,1.57,0.0
3.639700180598798,0.9999992174050774,0.9951700192240073,0.0,1.57,0.0
3.643403878262545,0.9999992412550179,0.9948349658172164,0.0,1.57,0.0
3.6471075759262925,0.9999992651049586,0.9944999124104257,0.0,1.57,0.0
3.65081127359004,0.9999992889548992,0.9941648590036348,0.0,1.57,0.0
3.654514971253787,0.9999993128048399,0.993829805596844,0.0,1.57,0.0
3.6582186689175344,0.9999993366547805,0.9934947521900532,0.0,1.57,0.0
3.6619223665812815,0.9999993605047212,0.9931461415111184,0.0,1.57,0.0
3.6656260642450285,0.9999993843546617,0.9927962188381051,0.0,1.57,0.0
3.6693297619087764,0.9999994082046023,0.9924462961650917,0.0,1.57,0.0
3.6730334595725234,0.999999432054543,0.9920963734920784,0.0,1.57,0.0
3.6767371572362704,0.9999994559044836,0.9917464508190651,0.0,1.57,0.0
3.680440854900018,0.9999994797544243,0.9913965281460518,0.0,1.57,0.0
3.684144552563765,0.9999995036043648,0.9910466054730385,0.0,1.57,0.0
3.6878482502275127,0.9999995274543054,0.9906966828000252,0.0,1.57,0.0
3.6915519478912597,0.9999995513042461,0.9903467601270118,0.0,1.57,0.0
3.6952556455550067,0.9999995751541867,0.9899968374539986,0.0,1.57,0.0
3.698959343218754,0.9999995990041274,0.9896469147809852,0.0,1.57,0.0
3.7026630408825016,0.999999622854068,0.989296992107972,0.0,1.57,0.0
3.7063667388984296,0.9999996453133552,0.9889470694349586,0.0,1.57,0.0
3.710070436914357,0.9999996677726423,0.9885971467619453,0.0,1.57,0.0
3.713774134930285,0.9999996902319295,0.988247224088932,0.0,1.57,0.0
3.7174778329462126,0.9999997126912166,0.9878973014159187,0.0,1.57,0.0
3.721181530962141,0.9999997351505038,0.9875473787429053,0.0,1.57,0.0
3.7248852289780685,0.999999757609791,0.9871974560698921,0.0,1.57,0.0
3.7285889269939965,0.9999997800690781,0.9868475333968788,0.0,1.57,0.0
3.732292625009924,0.9999998025283653,0.9864976107238654,0.0,1.57,0.0
3.735996323025852,0.9999998249876524,0.9861476880508522,0.0,1.57,0.0
3.73970002104178,0.9999998474469396,0.9857977653778388,0.0,1.57,0.0
3.743403719057708,0.9999998699062268,0.9854478427048255,0.0,1.57,0.0
3.7471074170736354,0.9999998923655139,0.9850979200318122,0.0,1.57,0.0
3.7508111150895633,0.9999999148248011,0.9847479973587989,0.0,1.57,0.0
3.754514813105491,0.9999999372840882,0.9843980746857857,0.0,1.57,0.0
3.7582185111214192,0.9999999597433754,0.9840481520127723,0.0,1.57,0.0
3.7619222091373468,0.9999999822026625,0.9836982293397589,0.0,1.57,0.0
3.7656259071532747,1.0000000046619497,0.9833483066667457,0.0,1.57,0.0
3.7693296051692022,1.0000000271212368,0.9830299914288889,0.0,1.57,0.0
3.77303330318513,1.0000000495805241,0.982739771688949,0.0,1.57,0.0
3.776737001201058,1.0000000720398112,0.9824495519490091,0.0,1.57,0.0
3.780440699216986,1.0000000944990983,0.9821593322090691,0.0,1.57,0.0
3.7841443972329136,1.0000001169583856,0.9818691124691293,0.0,1.57,0.0
3.7878480952488416,1.0000001394176727,0.9815788927291894,0.0,1.57,0.0
3.7915517932647695,1.0000001618769598,0.9812886729892495,0.0,1.57,0.0
3.7952554912806975,1.000000184336247,0.9809984532493096,0.0,1.57,0.0
3.798959189296625,1.0000002067955343,0.9807082335093696,0.0,1.57,0.0
3.802662887312553,1.0000002292548213,0.9804180137694298,0.0,1.57,0.0
3.8063665911259625,1.0000002288216256,0.9801277940294899,0.0,1.57,0.0
3.810070294939372,1.0000002283884302,0.97983757428955,0.0,1.57,0.0
3.8137739987527826,1.0000002279552345,0.9795473545496101,0.0,1.57,0.0
3.817477702566192,1.000000227522039,0.9792571348096702,0.0,1.57,0.0
3.8211814063796017,1.0000002270888433,0.9789669150697303,0.0,1.57,0.0
3.8248851101930113,1.0000002266556476,0.9786766953297904,0.0,1.57,0.0
3.828588814006421,1.000000226222452,0.9783864755898506,0.0,1.57,0.0
3.832292517819831,1.0000002257892564,0.9780962558499107,0.0,1.57,0.0
3.835996221633241,1.000000225356061,0.9778060361099707,0.0,1.57,0.0
3.8396999254466504,1.0000002249228652,0.9775158163700308,0.0,1.57,0.0
3.84340362926006,1.0000002244896695,0.977225596630091,0.0,1.57,0.0
3.8471073330734695,1.000000224056474,0.9769353768901511,0.0,1.57,0.0
3.8508110368868795,1.0000002236232783,0.9766451571502112,0.0,1.57,0.0
3.8545147407002895,1.0000002231900829,0.9763549374102712,0.0,1.57,0.0
3.858218444513699,1.0000002227568872,0.9760647176703313,0.0,1.57,0.0
3.8619221483271087,1.0000002223236917,0.9757744979303915,0.0,1.57,0.0
3.8656258521405182,1.000000221890496,0.9754842781904516,0.0,1.57,0.0
3.8693295559539282,1.0000002214573003,0.9751940584505117,0.0,1.57,0.0
3.8730332597673383,1.0000002210241048,0.9749038387105717,0.0,1.57,0.0
3.876736963580748,1.000000220590909,0.97463015295129,0.0,1.57,0.0
3.8804406673941574,1.0000002201577136,0.9744523642798251,0.0,1.57,0.0
3.884144371207567,1.000000219724518,0.9742745756083602,0.0,1.57,0.0
3.887848075020977,1.0000002192913222,0.9740967869368953,0.0,1.57,0.0
3.8915517788343865,1.0000002188581267,0.9739189982654304,0.0,1.57,0.0
3.8952554826477965,1.000000218424931,0.9737412095939655,0.0,1.57,0.0
3.898959186461206,1.0000002179917356,0.9735634209225006,0.0,1.57,0.0
3.9026628902746157,1.0000002175585399,0.9733856322510357,0.0,1.57,0.0
3.9063665960645144,1.0000002093207947,0.9732078435795708,0.0,1.57,0.0
3.9100703018544127,1.0000002010830495,0.9730300549081059,0.0,1.57,0.0
3.913774007644311,1.0000001928453046,0.972852266236641,0.0,1.57,0.0
3.91747771343421,1.0000001846075595,0.9726744775651761,0.0,1.57,0.0
3.921181419224108,1.0000001763698143,0.9724966888937112,0.0,1.57,0.0
3.924885125014007,1.0000001681320692,0.9723189002222463,0.0,1.57,0.0
3.928588830803905,1.0000001598943242,0.9721411115507814,0.0,1.57,0.0
3.9322925365938035,1.000000151656579,0.9719633228793165,0.0,1.57,0.0
3.935996242383702,1.000000143418834,0.9717855342078516,0.0,1.57,0.0
3.9396999481736006,1.0000001351810888,0.9716077455363867,0.0,1.57,0.0
3.9434036539634993,1.0000001269433436,0.9714299568649218,0.0,1.57,0.0
3.9471073597533977,1.0000001187055987,0.9712521681934569,0.0,1.57,0.0
3.950811065543296,1.0000001104678535,0.971074379521992,0.0,1.57,0.0
3.9545147713331943,1.0000001022301084,0.9708965908505272,0.0,1.57,0.0
3.958218477123093,1.0000000939923632,0.9707188021790621,0.0,1.57,0.0
3.9619221829129914,1.0000000857546183,0.9705410135075974,0.0,1.57,0.0
3.96562588870289,1.0000000775168731,0.9703632248361325,0.0,1.57,0.0
3.9693295944927884,1.000000069279128,0.9701854361646676,0.0,1.57,0.0
3.9730333002826868,1.0000000610413828,0.9700076474932027,0.0,1.57,0.0
3.9767370060725855,1.0000000528036377,0.9698298588217377,0.0,1.57,0.0
3.980440711862484,1.0000000445658928,0.9696520701502728,0.0,1.57,0.0
3.984144417652382,1.0000000363281476,0.9694742814788079,0.0,1.57,0.0
3.9878481234422805,1.0000000280904024,0.9693996638659739,0.0,1.57,0.0
3.991551829232179,1.0000000198526573,0.9693567911942571,0.0,1.57,0.0
3.995255535022078,1.0000000116149124,0.9693139185225403,0.0,1.57,0.0
3.9989592408119763,1.0000000033771672,0.9692710458508235,0.0,1.57,0.0
4.002662946601875,0.9999999951394221,0.9692281731791067,0.0,1.57,0.0
4.006366651096464,0.9999999920164581,0.9691853005073898,0.0,1.57,0.0
4.010070355591052,0.999999988893494,0.9691424278356731,0.0,1.57,0.0
4.013774060085642,0.99999998577053,0.9690995551639562,0.0,1.57,0.0
4.017477764580231,0.999999982647566,0.9690566824922394,0.0,1.57,0.0
4.021181469074819,0.9999999795246018,0.9690138098205227,0.0,1.57,0.0
4.024885173569409,0.9999999764016378,0.9689709371488058,0.0,1.57,0.0
4.028588878063998,0.9999999732786738,0.968928064477089,0.0,1.57,0.0
4.032292582558587,0.9999999701557097,0.9688851918053721,0.0,1.57,0.0
4.035996287053176,0.9999999670327457,0.9688423191336554,0.0,1.57,0.0
4.0396999915477645,0.9999999639097817,0.9687994464619385,0.0,1.57,0.0
4.043403696042354,0.9999999607868176,0.9687565737902217,0.0,1.57,0.0
4.047107400536943,0.9999999576638536,0.968713701118505,0.0,1.57,0.0
4.050811105031532,0.9999999545408896,0.9686708284467881,0.0,1.57,0.0
4.054514809526121,0.9999999514179255,0.9686279557750713,0.0,1.57,0.0
4.05821851402071,0.9999999482949615,0.9685850831033544,0.0,1.57,0.0
4.061922218515298,0.9999999451719975,0.9685422104316377,0.0,1.57,0.0
4.065625923009888,0.9999999420490334,0.9684993377599209,0.0,1.57,0.0
4.0693296275044775,0.9999999389260694,0.968456465088204,0.0,1.57,0.0
4.073033331999066,0.9999999358031054,0.9684135924164873,0.0,1.57,0.0
4.076737036493655,0.9999999326801413,0.9683707197447704,0.0,1.57,0.0
4.0804407409882435,0.9999999295571773,0.9683278470730536,0.0,1.57,0.0
4.084144445482833,0.9999999264342133,0.9682849744013368,0.0,1.57,0.0
4.087848149977422,0.9999999233112492,0.96824210172962,0.0,1.57,0.0
4.091551854472011,0.9999999201882852,0.9681992290579032,0.0,1.57,0.0
4.0952555589666,0.9999999170653212,0.9681883078907113,0.0,1.57,0.0
4.098959263461189,0.9999999139423571,0.9682290006923674,0.0,1.57,0.0
4.102662967955778,0.9999999108193931,0.9682696934940235,0.0,1.57,0.0
4.106366671220009,0.999999912554738,0.9683103862956796,0.0,1.57,0.0
4.1100703744842395,0.9999999142900827,0.9683510790973356,0.0,1.57,0.0
4.11377407774847,0.9999999160254276,0.9683917718989917,0.0,1.57,0.0
4.117477781012701,0.9999999177607725,0.9684324647006478,0.0,1.57,0.0
4.1211814842769305,0.9999999194961172,0.9684731575023039,0.0,1.57,0.0
4.124885187541162,0.9999999212314621,0.96851385030396,0.0,1.57,0.0
4.128588890805393,0.999999922966807,0.9685545431056161,0.0,1.57,0.0
4.1322925940696225,0.9999999247021517,0.9685952359072721,0.0,1.57,0.0
4.135996297333853,0.9999999264374966,0.9686359287089282,0.0,1.57,0.0
4.139700000598084,0.9999999281728414,0.9686766215105843,0.0,1.57,0.0
4.143403703862315,0.9999999299081862,0.9687173143122404,0.0,1.57,0.0
4.147107407126545,0.9999999316435311,0.9687580071138965,0.0,1.57,0.0
4.150811110390776,0.9999999333788759,0.9687986999155525,0.0,1.57,0.0
4.154514813655006,0.9999999351142207,0.9688393927172085,0.0,1.57,0.0
4.158218516919237,0.9999999368495656,0.9688800855188646,0.0,1.57,0.0
4.161922220183468,0.9999999385849104,0.9689207783205207,0.0,1.57,0.0
4.165625923447698,0.9999999403202552,0.9689614711221768,0.0,1.57,0.0
4.169329626711929,0.9999999420556,0.9690021639238329,0.0,1.57,0.0
4.1730333299761595,0.9999999437909449,0.969042856725489,0.0,1.57,0.0
4.17673703324039,0.9999999455262897,0.969083549527145,0.0,1.57,0.0
4.180440736504621,0.9999999472616345,0.9691242423288011,0.0,1.57,0.0
4.184144439768851,0.9999999489969794,0.9691649351304572,0.0,1.57,0.0
4.187848143033082,0.9999999507323242,0.9692056279321133,0.0,1.57,0.0
4.191551846297313,0.999999952467669,0.9692463207337694,0.0,1.57,0.0
4.195255549561543,0.9999999542030139,0.9692870135354255,0.0,1.57,0.0
4.198959252825774,0.9999999559383587,0.9693277063370815,0.0,1.57,0.0
4.202662956090005,0.9999999576737035,0.9693683991387376,0.0,1.57,0.0
